[{"model": "contenttypes.contenttype", "pk": 1, "fields": {"app_label": "admin", "model": "logentry"}}, {"model": "contenttypes.contenttype", "pk": 2, "fields": {"app_label": "auth", "model": "permission"}}, {"model": "contenttypes.contenttype", "pk": 3, "fields": {"app_label": "auth", "model": "group"}}, {"model": "contenttypes.contenttype", "pk": 4, "fields": {"app_label": "auth", "model": "user"}}, {"model": "contenttypes.contenttype", "pk": 5, "fields": {"app_label": "contenttypes", "model": "contenttype"}}, {"model": "contenttypes.contenttype", "pk": 6, "fields": {"app_label": "sessions", "model": "session"}}, {"model": "contenttypes.contenttype", "pk": 7, "fields": {"app_label": "exam", "model": "exam"}}, {"model": "contenttypes.contenttype", "pk": 8, "fields": {"app_label": "exam", "model": "student"}}, {"model": "contenttypes.contenttype", "pk": 9, "fields": {"app_label": "exam", "model": "student_exam"}}, {"model": "contenttypes.contenttype", "pk": 10, "fields": {"app_label": "exam", "model": "section"}}, {"model": "contenttypes.contenttype", "pk": 11, "fields": {"app_label": "exam", "model": "question"}}, {"model": "contenttypes.contenttype", "pk": 12, "fields": {"app_label": "exam", "model": "student_response"}}, {"model": "contenttypes.contenttype", "pk": 13, "fields": {"app_label": "exam", "model": "procteredss"}}, {"model": "sessions.session", "pk": "2jgmuxzo2r7nre1vomvb55jwnd0qql5s", "fields": {"session_data": "MDFhNDBmMWViMGQzMGE1YTdiYTI3OGQ5OWFjNjExNGI4NDM5MTU3Mzp7Il9hdXRoX3VzZXJfaWQiOiIxIiwiX2F1dGhfdXNlcl9iYWNrZW5kIjoiZGphbmdvLmNvbnRyaWIuYXV0aC5iYWNrZW5kcy5Nb2RlbEJhY2tlbmQiLCJfYXV0aF91c2VyX2hhc2giOiI4Njg3NDdkOTczNDhkN2Q0ODgxZGFkNDlkZWEwYzI1ZjdmZDNiZWQxIn0=", "expire_date": "2020-06-19T09:06:20.526Z"}}, {"model": "sessions.session", "pk": "4jcu2wc50o302objr4bpwzqa3dux4q8z", "fields": {"session_data": "MDFhNDBmMWViMGQzMGE1YTdiYTI3OGQ5OWFjNjExNGI4NDM5MTU3Mzp7Il9hdXRoX3VzZXJfaWQiOiIxIiwiX2F1dGhfdXNlcl9iYWNrZW5kIjoiZGphbmdvLmNvbnRyaWIuYXV0aC5iYWNrZW5kcy5Nb2RlbEJhY2tlbmQiLCJfYXV0aF91c2VyX2hhc2giOiI4Njg3NDdkOTczNDhkN2Q0ODgxZGFkNDlkZWEwYzI1ZjdmZDNiZWQxIn0=", "expire_date": "2020-06-18T13:58:35.525Z"}}, {"model": "sessions.session", "pk": "4xifc2w07w5mftqu2s2ijb9n4prji926", "fields": {"session_data": "MDFhNDBmMWViMGQzMGE1YTdiYTI3OGQ5OWFjNjExNGI4NDM5MTU3Mzp7Il9hdXRoX3VzZXJfaWQiOiIxIiwiX2F1dGhfdXNlcl9iYWNrZW5kIjoiZGphbmdvLmNvbnRyaWIuYXV0aC5iYWNrZW5kcy5Nb2RlbEJhY2tlbmQiLCJfYXV0aF91c2VyX2hhc2giOiI4Njg3NDdkOTczNDhkN2Q0ODgxZGFkNDlkZWEwYzI1ZjdmZDNiZWQxIn0=", "expire_date": "2020-06-20T10:35:33.928Z"}}, {"model": "sessions.session", "pk": "8b5aml9ol710kwn1f2rmsfbjg4e9ftad", "fields": {"session_data": "MDFhNDBmMWViMGQzMGE1YTdiYTI3OGQ5OWFjNjExNGI4NDM5MTU3Mzp7Il9hdXRoX3VzZXJfaWQiOiIxIiwiX2F1dGhfdXNlcl9iYWNrZW5kIjoiZGphbmdvLmNvbnRyaWIuYXV0aC5iYWNrZW5kcy5Nb2RlbEJhY2tlbmQiLCJfYXV0aF91c2VyX2hhc2giOiI4Njg3NDdkOTczNDhkN2Q0ODgxZGFkNDlkZWEwYzI1ZjdmZDNiZWQxIn0=", "expire_date": "2020-06-18T14:30:27.413Z"}}, {"model": "sessions.session", "pk": "epaphiv8vvy8vr51z327q0ksn0h8ylcr", "fields": {"session_data": "MDFhNDBmMWViMGQzMGE1YTdiYTI3OGQ5OWFjNjExNGI4NDM5MTU3Mzp7Il9hdXRoX3VzZXJfaWQiOiIxIiwiX2F1dGhfdXNlcl9iYWNrZW5kIjoiZGphbmdvLmNvbnRyaWIuYXV0aC5iYWNrZW5kcy5Nb2RlbEJhY2tlbmQiLCJfYXV0aF91c2VyX2hhc2giOiI4Njg3NDdkOTczNDhkN2Q0ODgxZGFkNDlkZWEwYzI1ZjdmZDNiZWQxIn0=", "expire_date": "2020-06-18T14:48:50.343Z"}}, {"model": "sessions.session", "pk": "i9t4zwz2qy0fek6siumkhlo844p5qg14", "fields": {"session_data": "MDFhNDBmMWViMGQzMGE1YTdiYTI3OGQ5OWFjNjExNGI4NDM5MTU3Mzp7Il9hdXRoX3VzZXJfaWQiOiIxIiwiX2F1dGhfdXNlcl9iYWNrZW5kIjoiZGphbmdvLmNvbnRyaWIuYXV0aC5iYWNrZW5kcy5Nb2RlbEJhY2tlbmQiLCJfYXV0aF91c2VyX2hhc2giOiI4Njg3NDdkOTczNDhkN2Q0ODgxZGFkNDlkZWEwYzI1ZjdmZDNiZWQxIn0=", "expire_date": "2020-06-19T14:12:36.277Z"}}, {"model": "sessions.session", "pk": "kzy6vqoejdtsthefkh9fnzm7re8os5z9", "fields": {"session_data": "NGI3NTE1NjU2YTc5YTMzNWU3MDk0Nzg4MDMwODc2YmRmNzcyOGNjNjp7Il9hdXRoX3VzZXJfaWQiOiIyIiwiX2F1dGhfdXNlcl9iYWNrZW5kIjoiZGphbmdvLmNvbnRyaWIuYXV0aC5iYWNrZW5kcy5Nb2RlbEJhY2tlbmQiLCJfYXV0aF91c2VyX2hhc2giOiI3ZDA0NzNlZGViNTU5YWNkZjI2MTBmYTFhMjMwMWZjZmFiODMwYmRlIn0=", "expire_date": "2020-06-20T03:54:52.824Z"}}, {"model": "sessions.session", "pk": "lx6y484r0z4lefndj4gw0u8h87z36v5x", "fields": {"session_data": "OTE3MmFmN2RkMWViNjUxYTAyNTVlMzFiNzk0MTMxOTdlNmVmODdjZDp7Il9hdXRoX3VzZXJfaWQiOiIxIiwiX2F1dGhfdXNlcl9iYWNrZW5kIjoiZGphbmdvLmNvbnRyaWIuYXV0aC5iYWNrZW5kcy5Nb2RlbEJhY2tlbmQiLCJfYXV0aF91c2VyX2hhc2giOiJlNTAxNmY1ZWU5MmRiZTJjNmNhMzQ0NDE4MDhmODM3NmY3MjYwM2U1In0=", "expire_date": "2020-06-14T09:10:37.560Z"}}, {"model": "sessions.session", "pk": "ozw5c1cmgr8g9tal5l0si5lrqlpq12p9", "fields": {"session_data": "MDFhNDBmMWViMGQzMGE1YTdiYTI3OGQ5OWFjNjExNGI4NDM5MTU3Mzp7Il9hdXRoX3VzZXJfaWQiOiIxIiwiX2F1dGhfdXNlcl9iYWNrZW5kIjoiZGphbmdvLmNvbnRyaWIuYXV0aC5iYWNrZW5kcy5Nb2RlbEJhY2tlbmQiLCJfYXV0aF91c2VyX2hhc2giOiI4Njg3NDdkOTczNDhkN2Q0ODgxZGFkNDlkZWEwYzI1ZjdmZDNiZWQxIn0=", "expire_date": "2020-06-16T17:41:38.910Z"}}, {"model": "sessions.session", "pk": "pg87jxz1bnnxw98pswplsri9z7nthxo0", "fields": {"session_data": "MDFhNDBmMWViMGQzMGE1YTdiYTI3OGQ5OWFjNjExNGI4NDM5MTU3Mzp7Il9hdXRoX3VzZXJfaWQiOiIxIiwiX2F1dGhfdXNlcl9iYWNrZW5kIjoiZGphbmdvLmNvbnRyaWIuYXV0aC5iYWNrZW5kcy5Nb2RlbEJhY2tlbmQiLCJfYXV0aF91c2VyX2hhc2giOiI4Njg3NDdkOTczNDhkN2Q0ODgxZGFkNDlkZWEwYzI1ZjdmZDNiZWQxIn0=", "expire_date": "2020-06-16T11:43:50.934Z"}}, {"model": "sessions.session", "pk": "srvvm5way7c4jmro1nwdqa9ez8gmxoh7", "fields": {"session_data": "ZmJhZWNlYTg4MTkzNWRkZjc2NWRlOTFlZjc0NTgyNTYxZGVlZDRiMjp7Il9hdXRoX3VzZXJfaWQiOiIxIiwiX2F1dGhfdXNlcl9iYWNrZW5kIjoiZGphbmdvLmNvbnRyaWIuYXV0aC5iYWNrZW5kcy5Nb2RlbEJhY2tlbmQiLCJfYXV0aF91c2VyX2hhc2giOiJlYTM4ZDM1Mzg0NmJhNmJkMzNhYTZjMzFlMzhkNjhmYjNjNDY5YTc4In0=", "expire_date": "2020-06-15T21:11:21.872Z"}}, {"model": "sessions.session", "pk": "v25r6zghlwjobyfgwooq38ivguou0n56", "fields": {"session_data": "MDFhNDBmMWViMGQzMGE1YTdiYTI3OGQ5OWFjNjExNGI4NDM5MTU3Mzp7Il9hdXRoX3VzZXJfaWQiOiIxIiwiX2F1dGhfdXNlcl9iYWNrZW5kIjoiZGphbmdvLmNvbnRyaWIuYXV0aC5iYWNrZW5kcy5Nb2RlbEJhY2tlbmQiLCJfYXV0aF91c2VyX2hhc2giOiI4Njg3NDdkOTczNDhkN2Q0ODgxZGFkNDlkZWEwYzI1ZjdmZDNiZWQxIn0=", "expire_date": "2020-06-19T13:51:26.915Z"}}, {"model": "sessions.session", "pk": "ym08tinbtsh8l96a7urf6gthpuhc1s9j", "fields": {"session_data": "NGI3NTE1NjU2YTc5YTMzNWU3MDk0Nzg4MDMwODc2YmRmNzcyOGNjNjp7Il9hdXRoX3VzZXJfaWQiOiIyIiwiX2F1dGhfdXNlcl9iYWNrZW5kIjoiZGphbmdvLmNvbnRyaWIuYXV0aC5iYWNrZW5kcy5Nb2RlbEJhY2tlbmQiLCJfYXV0aF91c2VyX2hhc2giOiI3ZDA0NzNlZGViNTU5YWNkZjI2MTBmYTFhMjMwMWZjZmFiODMwYmRlIn0=", "expire_date": "2020-06-19T13:40:08.864Z"}}, {"model": "exam.student", "pk": "chinmay123456789@gmail.com", "fields": {"name": "Chinmay Maheshwari", "roll_no": "0103CS171047"}}, {"model": "exam.student", "pk": "hschouhan@gmail.com", "fields": {"name": "HEMRAJ SIR", "roll_no": "1234567890"}}, {"model": "exam.student", "pk": "kunalrathore.it@gmail.com", "fields": {"name": "Kunal Rathore", "roll_no": "0103IT171052"}}, {"model": "exam.student", "pk": "sonuloadha@yahoo.com", "fields": {"name": "Sonu", "roll_no": "0103CS171043"}}, {"model": "exam.student", "pk": "sonulodha@yahoo.com", "fields": {"name": "Sonu", "roll_no": "0103CS171042"}}, {"model": "exam.exam", "pk": 2, "fields": {"subject_name": "Aptitude", "start_time": "2020-06-16T19:29:35Z", "total_duration": "00:03:00", "total_marks": 100, "negative_marks": -1, "no_of_sections": 3}}, {"model": "exam.exam", "pk": 3, "fields": {"subject_name": "Networking", "start_time": "2020-06-06T10:10:43Z", "total_duration": "00:03:00", "total_marks": 100, "negative_marks": -1, "no_of_sections": 1}}, {"model": "exam.section", "pk": 3, "fields": {"exam": 2, "section_name": "Problems on Trains", "no_of_questions": 5, "total_marks": 20}}, {"model": "exam.section", "pk": 4, "fields": {"exam": 2, "section_name": "Problems on Boats", "no_of_questions": 5, "total_marks": 16}}, {"model": "exam.section", "pk": 5, "fields": {"exam": 2, "section_name": "Pipes & Cistern", "no_of_questions": 5, "total_marks": 20}}, {"model": "exam.section", "pk": 6, "fields": {"exam": 3, "section_name": "General", "no_of_questions": 0, "total_marks": 0}}, {"model": "exam.student_exam", "pk": 3, "fields": {"student": "kunalrathore.it@gmail.com", "exam": 2, "external_identifier": "c47c9874-70e7-4b0c-a6e9-ec0b27080db1", "warning_count": 2, "start_time": "2020-06-16T19:30:26.330Z", "end_time": "2020-06-16T19:49:34.103Z", "marks": 0, "is_started": true, "is_completed": true}}, {"model": "exam.student_exam", "pk": 4, "fields": {"student": "sonuloadha@yahoo.com", "exam": 3, "external_identifier": "1e526644-8317-4275-908a-60b6437368ef", "warning_count": 0, "start_time": null, "end_time": null, "marks": 0, "is_started": false, "is_completed": false}}, {"model": "exam.student_exam", "pk": 5, "fields": {"student": "sonulodha@yahoo.com", "exam": 3, "external_identifier": "a7c834ad-2cc0-4aa1-a46c-fd4c62d9f3fd", "warning_count": 0, "start_time": null, "end_time": null, "marks": 0, "is_started": false, "is_completed": false}}, {"model": "exam.procteredss", "pk": 252, "fields": {"student_exam": 3, "img": "students/Aptitude/0103IT171052/2020-06-05_171203.105205.png"}}, {"model": "exam.procteredss", "pk": 253, "fields": {"student_exam": 3, "img": "students/Aptitude/0103IT171052/2020-06-05_171328.198452.png"}}, {"model": "exam.question", "pk": 9, "fields": {"exam": 2, "question_text": "A train 125 m long passes a man, running at 5 km/hr in the same direction in which the train is going, in 10 seconds. The speed of the train is:", "ex_img": "Aptitude/A tra/icons8-train-100_VDrHnhL.png", "question_type": "single_choice", "section": 3, "marks": 4, "negative_marks": -1, "choices": "A.\t45 km/hr ,B.\t50 km/hr, C.\t54 km/hr ,D.\t55 km/hr", "answer": "B.\t50 km/hr"}}, {"model": "exam.question", "pk": 10, "fields": {"exam": 2, "question_text": "Two trains running in opposite directions cross a man standing on the platform in 27 seconds and 17 seconds respectively and they cross each other in 23 seconds. The ratio of their speeds is:", "ex_img": "Aptitude/Two t/icons8-train-100_CNT3ait.png", "question_type": "single_choice", "section": 3, "marks": 4, "negative_marks": -1, "choices": "A.\t1 : 3, B.\t3 : 2, C.\t3 : 4 ,D.\tNone of these", "answer": "B.\t3 : 2"}}, {"model": "exam.question", "pk": 11, "fields": {"exam": 2, "question_text": "A train passes a station platform in 36 seconds and a man standing on the platform in 20 seconds. If the speed of the train is 54 km/hr, what is the length of the platform?", "ex_img": "Aptitude/A tra/icons8-train-100_HhXLOap.png", "question_type": "single_choice", "section": 3, "marks": 4, "negative_marks": -1, "choices": "A.\t120 m, B.\t240 m, C.\t300 m, D.\tNone of these", "answer": "B.\t240 m"}}, {"model": "exam.question", "pk": 12, "fields": {"exam": 2, "question_text": "Two trains of equal length are running on parallel lines in the same direction at 46 km/hr and 36 km/hr. The faster train passes the slower train in 36 seconds. The length of each train is:", "ex_img": "Aptitude/Two t/icons8-train-100_u215nhw.png", "question_type": "single_choice", "section": 3, "marks": 4, "negative_marks": -1, "choices": "A.\t50 m ,B.\t72 m ,C.\t80 m,D.\t82 m", "answer": "A.\t50 m"}}, {"model": "exam.question", "pk": 13, "fields": {"exam": 2, "question_text": "Two trains are moving in opposite directions @ 60 km/hr and 90 km/hr. Their lengths are 1.10 km and 0.9 km respectively. The time taken by the slower train to cross the faster train in seconds is:", "ex_img": "Aptitude/Two t/icons8-train-100_1PHHa1k.png", "question_type": "single_choice", "section": 3, "marks": 4, "negative_marks": -1, "choices": "A.\t36, B.\t45 ,C.\t48 ,D.\t49", "answer": "C.\t48"}}, {"model": "exam.question", "pk": 14, "fields": {"exam": 2, "question_text": "A boat can travel with a speed of 13 km/hr in still water. If the speed of the stream is 4 km/hr, find the time taken by the boat to go 68 km downstream.", "ex_img": "", "question_type": "single_choice", "section": 4, "marks": 3, "negative_marks": -1, "choices": "A.\t2 hours ,B.\t3 hours ,C.\t4 hours ,D.\t5 hours", "answer": "C.\t4 hours"}}, {"model": "exam.question", "pk": 15, "fields": {"exam": 2, "question_text": "A boat running upstream takes 8 hours 48 minutes to cover a certain distance, while it takes 4 hours to cover the same distance running downstream. What is the ratio between the speed of the boat and speed of the water current respectively?", "ex_img": "Aptitude/A boa/icons8-sail-boat-100_FqYYonG.png", "question_type": "single_choice", "section": 4, "marks": 3, "negative_marks": -1, "choices": "A.\t2 : 1 ,B.\t3 : 2 ,C.\t8 : 3 ,D.\tCannot be determined ,E.\tNone of these", "answer": "C.\t8 : 3"}}, {"model": "exam.question", "pk": 16, "fields": {"exam": 2, "question_text": "A motorboat, whose speed in 15 km/hr in still water goes 30 km downstream and comes back in a total of 4 hours 30 minutes. The speed of the stream (in km/hr) is:", "ex_img": "Aptitude/A mot/icons8-sail-boat-100_zdI9PRV.png", "question_type": "single_choice", "section": 4, "marks": 3, "negative_marks": -1, "choices": "A.\t4 ,B.\t5 ,C.\t6 ,D.\t10", "answer": "B.\t5"}}, {"model": "exam.question", "pk": 17, "fields": {"exam": 2, "question_text": "In one hour, a boat goes 11 km/hr along the stream and 5 km/hr against the stream. The speed of the boat in still water (in km/hr) is:", "ex_img": "Aptitude/In on/icons8-sail-boat-100.png", "question_type": "single_choice", "section": 4, "marks": 3, "negative_marks": -1, "choices": "A.\t3 km/hr ,B.\t5 km/hr ,C.\t8 km/hr ,D.\t9 km/hr", "answer": "C.\t8 km/hr"}}, {"model": "exam.question", "pk": 18, "fields": {"exam": 2, "question_text": "A boat running downstream covers a distance of 16 km in 2 hours while for covering the same distance upstream, it takes 4 hours. What is the speed of the boat in still water?", "ex_img": "Aptitude/A boa/icons8-sail-boat-100_Xmfwp40.png", "question_type": "single_choice", "section": 4, "marks": 3, "negative_marks": -1, "choices": "A.\t4 km/hr ,B.\t6 km/hr ,C.\t8 km/hr ,D.\tData inadequate", "answer": "B.\t6 km/hr"}}, {"model": "exam.question", "pk": 19, "fields": {"exam": 2, "question_text": "Three pipes A, B and C can fill a tank from empty to full in 30 minutes, 20 minutes, and 10 minutes respectively. When the tank is empty, all the three pipes are opened. A, B and C discharge chemical solutions P,Q and R respectively. What is the proportion of the solution R in the liquid in the tank after 3 minutes?", "ex_img": "Aptitude/Three/Pipes-and-cisterns-main.jpg", "question_type": "single_choice", "section": 5, "marks": 4, "negative_marks": -1, "choices": "A.\t 5 /11 ,B.\t 6 /11 ,C.\t 7 /11 ,D.\t 8 /11", "answer": "B.\t 6 /11"}}, {"model": "exam.question", "pk": 20, "fields": {"exam": 2, "question_text": "Two pipes A and B can fill a cistern in 37 1/2 minutes and 45 minutes respectively. Both pipes are opened. The cistern will be filled in just half an hour, if the B is turned off after:", "ex_img": "Aptitude/Two p/Pipes-and-cisterns-main.jpg", "question_type": "single_choice", "section": 5, "marks": 4, "negative_marks": -1, "choices": "A.\t5 min. ,B.\t9 min. ,C.\t10 min. ,D.\t15 min.", "answer": "B.\t9 min."}}, {"model": "exam.question", "pk": 21, "fields": {"exam": 2, "question_text": "A tank is filled by three pipes with uniform flow. The first two pipes operating simultaneously fill the tank in the same time during which the tank is filled by the third pipe alone. The second pipe fills the tank 5 hours faster than the first pipe and 4 hours slower than the third pipe. The time required by the first pipe is:", "ex_img": "Aptitude/A tan/Pipes-and-cisterns-main.jpg", "question_type": "single_choice", "section": 5, "marks": 4, "negative_marks": -1, "choices": "A.\t6 hours ,B.\t10 hours ,C.\t15 hours ,D.\t30 hours", "answer": "C.\t15 hours"}}, {"model": "exam.question", "pk": 22, "fields": {"exam": 3, "question_text": "Two pipes can fill a tank in 20 and 24 minutes respectively and a waste pipe can empty 3 gallons per minute. All the three pipes working together can fill the tank in 15 minutes. The capacity of the tank is:", "ex_img": "Aptitude/Two p/Pipes-and-cisterns-main_m55Njvx.jpg", "question_type": "single_choice", "section": 6, "marks": 4, "negative_marks": -1, "choices": "A.\t60 gallons ,B.\t100 gallons ,C.\t120 gallons ,D.\t180 gallons", "answer": "C.\t120 gallons"}}, {"model": "exam.question", "pk": 23, "fields": {"exam": 2, "question_text": "A tank is filled in 5 hours by three pipes A, B and C. The pipe C is twice as fast as B and B is twice as fast as A. How much time will pipe A alone take to fill the tank?", "ex_img": "Aptitude/A tan/Pipes-and-cisterns-main_g0mjc3N.jpg", "question_type": "single_choice", "section": 5, "marks": 4, "negative_marks": -1, "choices": "A.\t20 hours ,B.\t25 hours ,C.\t35 hours ,D.\tCannot be determined ,E.\tNone of these", "answer": "C.\t35 hours"}}, {"model": "exam.student_response", "pk": 11, "fields": {"student_exam": 3, "question": 9, "time_stamp": "2020-06-16T19:30:50.056Z", "response": "A. 45 km/hr"}}, {"model": "exam.student_response", "pk": 12, "fields": {"student_exam": 3, "question": 10, "time_stamp": "2020-06-05T10:51:15.846Z", "response": " B.\t3 : 2"}}, {"model": "exam.student_response", "pk": 13, "fields": {"student_exam": 3, "question": 11, "time_stamp": "2020-06-05T10:51:22.990Z", "response": " C.\t300 m"}}, {"model": "exam.student_response", "pk": 14, "fields": {"student_exam": 3, "question": 12, "time_stamp": "2020-06-05T10:51:35.345Z", "response": "C.\t80 m"}}, {"model": "exam.student_response", "pk": 15, "fields": {"student_exam": 3, "question": 13, "time_stamp": "2020-06-05T10:09:25.224Z", "response": "A.\t36"}}, {"model": "exam.student_response", "pk": 16, "fields": {"student_exam": 3, "question": 14, "time_stamp": "2020-06-05T10:52:07.579Z", "response": "B.\t3 hours "}}, {"model": "exam.student_response", "pk": 17, "fields": {"student_exam": 3, "question": 15, "time_stamp": "2020-06-05T10:52:12.000Z", "response": "C.\t8 : 3 "}}, {"model": "exam.student_response", "pk": 18, "fields": {"student_exam": 3, "question": 16, "time_stamp": "2020-06-05T10:53:55.902Z", "response": "B.\t5 "}}, {"model": "exam.student_response", "pk": 19, "fields": {"student_exam": 3, "question": 17, "time_stamp": "2020-06-05T10:52:18.601Z", "response": "B.\t5 km/hr "}}, {"model": "exam.student_response", "pk": 20, "fields": {"student_exam": 3, "question": 18, "time_stamp": "2020-06-05T10:10:35.886Z", "response": "D.\tData inadequate"}}, {"model": "exam.student_response", "pk": 21, "fields": {"student_exam": 3, "question": 19, "time_stamp": "2020-06-16T19:32:07.914Z", "response": "A. 5 /11"}}, {"model": "exam.student_response", "pk": 22, "fields": {"student_exam": 3, "question": 20, "time_stamp": "2020-06-16T19:49:31.110Z", "response": "A. 5 min."}}, {"model": "exam.student_response", "pk": 23, "fields": {"student_exam": 3, "question": 21, "time_stamp": "2020-06-05T10:10:08.811Z", "response": "A.\t6 hours "}}, {"model": "exam.student_response", "pk": 24, "fields": {"student_exam": 3, "question": 22, "time_stamp": "2020-06-05T10:10:11.277Z", "response": "B.\t100 gallons "}}, {"model": "exam.student_response", "pk": 25, "fields": {"student_exam": 3, "question": 23, "time_stamp": "2020-06-05T10:10:14.497Z", "response": "D.\tCannot be determined "}}, {"model": "auth.permission", "pk": 1, "fields": {"name": "Can add log entry", "content_type": 1, "codename": "add_logentry"}}, {"model": "auth.permission", "pk": 2, "fields": {"name": "Can change log entry", "content_type": 1, "codename": "change_logentry"}}, {"model": "auth.permission", "pk": 3, "fields": {"name": "Can delete log entry", "content_type": 1, "codename": "delete_logentry"}}, {"model": "auth.permission", "pk": 4, "fields": {"name": "Can view log entry", "content_type": 1, "codename": "view_logentry"}}, {"model": "auth.permission", "pk": 5, "fields": {"name": "Can add permission", "content_type": 2, "codename": "add_permission"}}, {"model": "auth.permission", "pk": 6, "fields": {"name": "Can change permission", "content_type": 2, "codename": "change_permission"}}, {"model": "auth.permission", "pk": 7, "fields": {"name": "Can delete permission", "content_type": 2, "codename": "delete_permission"}}, {"model": "auth.permission", "pk": 8, "fields": {"name": "Can view permission", "content_type": 2, "codename": "view_permission"}}, {"model": "auth.permission", "pk": 9, "fields": {"name": "Can add group", "content_type": 3, "codename": "add_group"}}, {"model": "auth.permission", "pk": 10, "fields": {"name": "Can change group", "content_type": 3, "codename": "change_group"}}, {"model": "auth.permission", "pk": 11, "fields": {"name": "Can delete group", "content_type": 3, "codename": "delete_group"}}, {"model": "auth.permission", "pk": 12, "fields": {"name": "Can view group", "content_type": 3, "codename": "view_group"}}, {"model": "auth.permission", "pk": 13, "fields": {"name": "Can add user", "content_type": 4, "codename": "add_user"}}, {"model": "auth.permission", "pk": 14, "fields": {"name": "Can change user", "content_type": 4, "codename": "change_user"}}, {"model": "auth.permission", "pk": 15, "fields": {"name": "Can delete user", "content_type": 4, "codename": "delete_user"}}, {"model": "auth.permission", "pk": 16, "fields": {"name": "Can view user", "content_type": 4, "codename": "view_user"}}, {"model": "auth.permission", "pk": 17, "fields": {"name": "Can add content type", "content_type": 5, "codename": "add_contenttype"}}, {"model": "auth.permission", "pk": 18, "fields": {"name": "Can change content type", "content_type": 5, "codename": "change_contenttype"}}, {"model": "auth.permission", "pk": 19, "fields": {"name": "Can delete content type", "content_type": 5, "codename": "delete_contenttype"}}, {"model": "auth.permission", "pk": 20, "fields": {"name": "Can view content type", "content_type": 5, "codename": "view_contenttype"}}, {"model": "auth.permission", "pk": 21, "fields": {"name": "Can add session", "content_type": 6, "codename": "add_session"}}, {"model": "auth.permission", "pk": 22, "fields": {"name": "Can change session", "content_type": 6, "codename": "change_session"}}, {"model": "auth.permission", "pk": 23, "fields": {"name": "Can delete session", "content_type": 6, "codename": "delete_session"}}, {"model": "auth.permission", "pk": 24, "fields": {"name": "Can view session", "content_type": 6, "codename": "view_session"}}, {"model": "auth.permission", "pk": 25, "fields": {"name": "Can add exam", "content_type": 7, "codename": "add_exam"}}, {"model": "auth.permission", "pk": 26, "fields": {"name": "Can change exam", "content_type": 7, "codename": "change_exam"}}, {"model": "auth.permission", "pk": 27, "fields": {"name": "Can delete exam", "content_type": 7, "codename": "delete_exam"}}, {"model": "auth.permission", "pk": 28, "fields": {"name": "Can view exam", "content_type": 7, "codename": "view_exam"}}, {"model": "auth.permission", "pk": 29, "fields": {"name": "Can add student", "content_type": 8, "codename": "add_student"}}, {"model": "auth.permission", "pk": 30, "fields": {"name": "Can change student", "content_type": 8, "codename": "change_student"}}, {"model": "auth.permission", "pk": 31, "fields": {"name": "Can delete student", "content_type": 8, "codename": "delete_student"}}, {"model": "auth.permission", "pk": 32, "fields": {"name": "Can view student", "content_type": 8, "codename": "view_student"}}, {"model": "auth.permission", "pk": 33, "fields": {"name": "Can add student_ exam", "content_type": 9, "codename": "add_student_exam"}}, {"model": "auth.permission", "pk": 34, "fields": {"name": "Can change student_ exam", "content_type": 9, "codename": "change_student_exam"}}, {"model": "auth.permission", "pk": 35, "fields": {"name": "Can delete student_ exam", "content_type": 9, "codename": "delete_student_exam"}}, {"model": "auth.permission", "pk": 36, "fields": {"name": "Can view student_ exam", "content_type": 9, "codename": "view_student_exam"}}, {"model": "auth.permission", "pk": 37, "fields": {"name": "Can add sections", "content_type": 10, "codename": "add_sections"}}, {"model": "auth.permission", "pk": 38, "fields": {"name": "Can change sections", "content_type": 10, "codename": "change_sections"}}, {"model": "auth.permission", "pk": 39, "fields": {"name": "Can delete sections", "content_type": 10, "codename": "delete_sections"}}, {"model": "auth.permission", "pk": 40, "fields": {"name": "Can view sections", "content_type": 10, "codename": "view_sections"}}, {"model": "auth.permission", "pk": 41, "fields": {"name": "Can add question", "content_type": 11, "codename": "add_question"}}, {"model": "auth.permission", "pk": 42, "fields": {"name": "Can change question", "content_type": 11, "codename": "change_question"}}, {"model": "auth.permission", "pk": 43, "fields": {"name": "Can delete question", "content_type": 11, "codename": "delete_question"}}, {"model": "auth.permission", "pk": 44, "fields": {"name": "Can view question", "content_type": 11, "codename": "view_question"}}, {"model": "auth.permission", "pk": 45, "fields": {"name": "Can add student_ response", "content_type": 12, "codename": "add_student_response"}}, {"model": "auth.permission", "pk": 46, "fields": {"name": "Can change student_ response", "content_type": 12, "codename": "change_student_response"}}, {"model": "auth.permission", "pk": 47, "fields": {"name": "Can delete student_ response", "content_type": 12, "codename": "delete_student_response"}}, {"model": "auth.permission", "pk": 48, "fields": {"name": "Can view student_ response", "content_type": 12, "codename": "view_student_response"}}, {"model": "auth.permission", "pk": 49, "fields": {"name": "Can add section", "content_type": 10, "codename": "add_section"}}, {"model": "auth.permission", "pk": 50, "fields": {"name": "Can change section", "content_type": 10, "codename": "change_section"}}, {"model": "auth.permission", "pk": 51, "fields": {"name": "Can delete section", "content_type": 10, "codename": "delete_section"}}, {"model": "auth.permission", "pk": 52, "fields": {"name": "Can view section", "content_type": 10, "codename": "view_section"}}, {"model": "auth.permission", "pk": 53, "fields": {"name": "Can add proctered ss", "content_type": 13, "codename": "add_procteredss"}}, {"model": "auth.permission", "pk": 54, "fields": {"name": "Can change proctered ss", "content_type": 13, "codename": "change_procteredss"}}, {"model": "auth.permission", "pk": 55, "fields": {"name": "Can delete proctered ss", "content_type": 13, "codename": "delete_procteredss"}}, {"model": "auth.permission", "pk": 56, "fields": {"name": "Can view proctered ss", "content_type": 13, "codename": "view_procteredss"}}, {"model": "auth.user", "pk": 1, "fields": {"password": "pbkdf2_sha256$180000$oi73iEl3blrl$Ewd9XXiJ06mPyIfVRDzQAgcHZ6xF7byokLVMrMDWCSo=", "last_login": "2020-06-06T10:35:33.923Z", "is_superuser": true, "username": "chinu", "first_name": "", "last_name": "", "email": "", "is_staff": true, "is_active": true, "date_joined": "2020-05-29T14:44:08.011Z", "groups": [], "user_permissions": []}}, {"model": "auth.user", "pk": 2, "fields": {"password": "pbkdf2_sha256$180000$wSH0kwAjd8sP$RSEnB5vxCK5HugINGVmBzp75fXxnaYKEGukZTB4rzGk=", "last_login": "2020-06-06T03:54:52.819Z", "is_superuser": true, "username": "kunal", "first_name": "", "last_name": "", "email": "kunalrathore.it@gmail.com", "is_staff": true, "is_active": true, "date_joined": "2020-06-05T13:37:19.636Z", "groups": [], "user_permissions": []}}, {"model": "admin.logentry", "pk": 1, "fields": {"action_time": "2020-05-29T14:55:34.580Z", "user": 1, "content_type": 8, "object_id": "chinmay123@gmail.com", "object_repr": "0000CS171047", "action_flag": 1, "change_message": "[{\"added\": {}}]"}}, {"model": "admin.logentry", "pk": 2, "fields": {"action_time": "2020-05-29T14:56:41.716Z", "user": 1, "content_type": 7, "object_id": "1", "object_repr": "Computer Networks", "action_flag": 1, "change_message": "[{\"added\": {}}]"}}, {"model": "admin.logentry", "pk": 3, "fields": {"action_time": "2020-05-29T14:56:59.725Z", "user": 1, "content_type": 10, "object_id": "1", "object_repr": "General", "action_flag": 1, "change_message": "[{\"added\": {}}]"}}, {"model": "admin.logentry", "pk": 4, "fields": {"action_time": "2020-05-29T14:58:08.560Z", "user": 1, "content_type": 9, "object_id": "1", "object_repr": "Computer Networks_0000CS171047", "action_flag": 1, "change_message": "[{\"added\": {}}]"}}, {"model": "admin.logentry", "pk": 5, "fields": {"action_time": "2020-05-29T14:59:44.502Z", "user": 1, "content_type": 11, "object_id": "1", "object_repr": "Melod", "action_flag": 1, "change_message": "[{\"added\": {}}]"}}, {"model": "admin.logentry", "pk": 6, "fields": {"action_time": "2020-05-29T18:39:00.591Z", "user": 1, "content_type": 9, "object_id": "1", "object_repr": "Computer Networks_0000CS171047", "action_flag": 2, "change_message": "[{\"changed\": {\"fields\": [\"Ss\"]}}]"}}, {"model": "admin.logentry", "pk": 7, "fields": {"action_time": "2020-05-31T09:12:16.322Z", "user": 1, "content_type": 11, "object_id": "2", "object_repr": "Produ", "action_flag": 1, "change_message": "[{\"added\": {}}]"}}, {"model": "admin.logentry", "pk": 8, "fields": {"action_time": "2020-05-31T14:58:08.679Z", "user": 1, "content_type": 11, "object_id": "1", "object_repr": "Melod", "action_flag": 2, "change_message": "[{\"changed\": {\"fields\": [\"Ex img\"]}}]"}}, {"model": "admin.logentry", "pk": 9, "fields": {"action_time": "2020-05-31T14:58:17.105Z", "user": 1, "content_type": 11, "object_id": "2", "object_repr": "Produ", "action_flag": 2, "change_message": "[{\"changed\": {\"fields\": [\"Ex img\"]}}]"}}, {"model": "admin.logentry", "pk": 10, "fields": {"action_time": "2020-06-01T20:17:28.400Z", "user": 1, "content_type": 11, "object_id": "3", "object_repr": "What ", "action_flag": 1, "change_message": "[{\"added\": {}}]"}}, {"model": "admin.logentry", "pk": 11, "fields": {"action_time": "2020-06-01T20:18:17.718Z", "user": 1, "content_type": 11, "object_id": "4", "object_repr": "What ", "action_flag": 1, "change_message": "[{\"added\": {}}]"}}, {"model": "admin.logentry", "pk": 12, "fields": {"action_time": "2020-06-02T11:18:09.393Z", "user": 1, "content_type": 8, "object_id": "kunalrathore.it@gmail.com", "object_repr": "0000IT171052", "action_flag": 1, "change_message": "new through import_export"}}, {"model": "admin.logentry", "pk": 13, "fields": {"action_time": "2020-06-02T11:19:22.405Z", "user": 1, "content_type": 9, "object_id": "2", "object_repr": "Computer Networks_0000IT171052", "action_flag": 1, "change_message": "[{\"added\": {}}]"}}, {"model": "admin.logentry", "pk": 14, "fields": {"action_time": "2020-06-02T11:23:32.764Z", "user": 1, "content_type": 7, "object_id": "1", "object_repr": "DBMS", "action_flag": 2, "change_message": "[{\"changed\": {\"fields\": [\"Subject name\", \"Total duration\", \"Total marks\", \"Negative marks\", \"No of sections\"]}}]"}}, {"model": "admin.logentry", "pk": 15, "fields": {"action_time": "2020-06-02T11:44:19.698Z", "user": 1, "content_type": 8, "object_id": "kunalrathore.it@gmail.com", "object_repr": "0000IT171052", "action_flag": 2, "change_message": "update through import_export"}}, {"model": "admin.logentry", "pk": 16, "fields": {"action_time": "2020-06-02T13:36:37.965Z", "user": 1, "content_type": 10, "object_id": "2", "object_repr": "Aptitude", "action_flag": 1, "change_message": "[{\"added\": {}}]"}}, {"model": "admin.logentry", "pk": 17, "fields": {"action_time": "2020-06-02T13:36:58.911Z", "user": 1, "content_type": 10, "object_id": "3", "object_repr": "SQL", "action_flag": 1, "change_message": "[{\"added\": {}}]"}}, {"model": "admin.logentry", "pk": 18, "fields": {"action_time": "2020-06-02T13:58:47.280Z", "user": 1, "content_type": 11, "object_id": "5", "object_repr": "Appti", "action_flag": 1, "change_message": "[{\"added\": {}}]"}}, {"model": "admin.logentry", "pk": 19, "fields": {"action_time": "2020-06-02T18:23:56.791Z", "user": 1, "content_type": 10, "object_id": "1", "object_repr": "General", "action_flag": 2, "change_message": "[{\"changed\": {\"fields\": [\"No of questions\"]}}]"}}, {"model": "admin.logentry", "pk": 20, "fields": {"action_time": "2020-06-02T18:58:43.133Z", "user": 1, "content_type": 10, "object_id": "3", "object_repr": "SQL", "action_flag": 2, "change_message": "[{\"changed\": {\"fields\": [\"No of questions\"]}}]"}}, {"model": "admin.logentry", "pk": 21, "fields": {"action_time": "2020-06-03T16:43:00.263Z", "user": 1, "content_type": 11, "object_id": "4", "object_repr": "What ", "action_flag": 2, "change_message": "[{\"changed\": {\"fields\": [\"Negative marks\"]}}]"}}, {"model": "admin.logentry", "pk": 22, "fields": {"action_time": "2020-06-03T16:43:11.397Z", "user": 1, "content_type": 11, "object_id": "3", "object_repr": "What ", "action_flag": 2, "change_message": "[{\"changed\": {\"fields\": [\"Negative marks\"]}}]"}}, {"model": "admin.logentry", "pk": 23, "fields": {"action_time": "2020-06-03T16:43:27.881Z", "user": 1, "content_type": 11, "object_id": "2", "object_repr": "Produ", "action_flag": 2, "change_message": "[{\"changed\": {\"fields\": [\"Marks\", \"Negative marks\"]}}]"}}, {"model": "admin.logentry", "pk": 24, "fields": {"action_time": "2020-06-03T16:43:40.993Z", "user": 1, "content_type": 11, "object_id": "1", "object_repr": "Melod", "action_flag": 2, "change_message": "[{\"changed\": {\"fields\": [\"Negative marks\"]}}]"}}, {"model": "admin.logentry", "pk": 25, "fields": {"action_time": "2020-06-03T22:43:11.399Z", "user": 1, "content_type": 10, "object_id": "1", "object_repr": "General", "action_flag": 2, "change_message": "[{\"changed\": {\"fields\": [\"No of questions\"]}}]"}}, {"model": "admin.logentry", "pk": 26, "fields": {"action_time": "2020-06-04T13:40:11.105Z", "user": 1, "content_type": 12, "object_id": "5", "object_repr": "DBMS_0000IT171052_Appti", "action_flag": 3, "change_message": ""}}, {"model": "admin.logentry", "pk": 27, "fields": {"action_time": "2020-06-04T13:40:16.394Z", "user": 1, "content_type": 12, "object_id": "4", "object_repr": "DBMS_0000IT171052_What ", "action_flag": 3, "change_message": ""}}, {"model": "admin.logentry", "pk": 28, "fields": {"action_time": "2020-06-04T13:40:20.906Z", "user": 1, "content_type": 12, "object_id": "3", "object_repr": "DBMS_0000IT171052_What ", "action_flag": 3, "change_message": ""}}, {"model": "admin.logentry", "pk": 29, "fields": {"action_time": "2020-06-04T13:40:32.881Z", "user": 1, "content_type": 12, "object_id": "2", "object_repr": "DBMS_0000IT171052_Produ", "action_flag": 3, "change_message": ""}}, {"model": "admin.logentry", "pk": 30, "fields": {"action_time": "2020-06-04T13:40:37.919Z", "user": 1, "content_type": 12, "object_id": "1", "object_repr": "DBMS_0000IT171052_Melod", "action_flag": 3, "change_message": ""}}, {"model": "admin.logentry", "pk": 31, "fields": {"action_time": "2020-06-04T13:41:30.535Z", "user": 1, "content_type": 13, "object_id": "144", "object_repr": "0000IT171052DBMS", "action_flag": 3, "change_message": ""}}, {"model": "admin.logentry", "pk": 32, "fields": {"action_time": "2020-06-04T13:41:51.909Z", "user": 1, "content_type": 13, "object_id": "44", "object_repr": "0000IT171052DBMS", "action_flag": 3, "change_message": ""}}, {"model": "admin.logentry", "pk": 33, "fields": {"action_time": "2020-06-04T13:41:58.852Z", "user": 1, "content_type": 13, "object_id": "143", "object_repr": "0000IT171052DBMS", "action_flag": 3, "change_message": ""}}, {"model": "admin.logentry", "pk": 34, "fields": {"action_time": "2020-06-04T13:42:07.448Z", "user": 1, "content_type": 13, "object_id": "142", "object_repr": "0000IT171052DBMS", "action_flag": 3, "change_message": ""}}, {"model": "admin.logentry", "pk": 35, "fields": {"action_time": "2020-06-04T13:42:11.901Z", "user": 1, "content_type": 13, "object_id": "141", "object_repr": "0000IT171052DBMS", "action_flag": 3, "change_message": ""}}, {"model": "admin.logentry", "pk": 36, "fields": {"action_time": "2020-06-04T13:42:16.156Z", "user": 1, "content_type": 13, "object_id": "140", "object_repr": "0000IT171052DBMS", "action_flag": 3, "change_message": ""}}, {"model": "admin.logentry", "pk": 37, "fields": {"action_time": "2020-06-04T13:42:42.750Z", "user": 1, "content_type": 13, "object_id": "239", "object_repr": "0000IT171052DBMS", "action_flag": 3, "change_message": ""}}, {"model": "admin.logentry", "pk": 38, "fields": {"action_time": "2020-06-04T13:43:56.490Z", "user": 1, "content_type": 7, "object_id": "1", "object_repr": "DBMS", "action_flag": 2, "change_message": "[{\"changed\": {\"fields\": [\"Start time\", \"Total duration\", \"Total marks\", \"No of sections\"]}}]"}}, {"model": "admin.logentry", "pk": 39, "fields": {"action_time": "2020-06-04T13:59:05.561Z", "user": 1, "content_type": 13, "object_id": "246", "object_repr": "0000IT171052DBMS", "action_flag": 3, "change_message": ""}}, {"model": "admin.logentry", "pk": 40, "fields": {"action_time": "2020-06-04T13:59:10.258Z", "user": 1, "content_type": 13, "object_id": "245", "object_repr": "0000IT171052DBMS", "action_flag": 3, "change_message": ""}}, {"model": "admin.logentry", "pk": 41, "fields": {"action_time": "2020-06-04T14:02:01.794Z", "user": 1, "content_type": 7, "object_id": "1", "object_repr": "Aptitude", "action_flag": 2, "change_message": "[{\"changed\": {\"fields\": [\"Subject name\"]}}]"}}, {"model": "admin.logentry", "pk": 42, "fields": {"action_time": "2020-06-04T14:06:40.680Z", "user": 1, "content_type": 10, "object_id": "1", "object_repr": "Problem on Trains", "action_flag": 2, "change_message": "[{\"changed\": {\"fields\": [\"Section name\", \"No of questions\"]}}]"}}, {"model": "admin.logentry", "pk": 43, "fields": {"action_time": "2020-06-04T14:07:29.329Z", "user": 1, "content_type": 11, "object_id": "1", "object_repr": "A tra", "action_flag": 2, "change_message": "[{\"changed\": {\"fields\": [\"Question text\", \"Ex img\", \"Negative marks\", \"Choices\"]}}]"}}, {"model": "admin.logentry", "pk": 44, "fields": {"action_time": "2020-06-04T14:08:34.481Z", "user": 1, "content_type": 11, "object_id": "4", "object_repr": "A tra", "action_flag": 2, "change_message": "[{\"changed\": {\"fields\": [\"Question text\", \"Ex img\", \"Choices\"]}}]"}}, {"model": "admin.logentry", "pk": 45, "fields": {"action_time": "2020-06-04T14:09:29.771Z", "user": 1, "content_type": 11, "object_id": "3", "object_repr": "Two t", "action_flag": 2, "change_message": "[{\"changed\": {\"fields\": [\"Question text\", \"Ex img\", \"Choices\"]}}]"}}, {"model": "admin.logentry", "pk": 46, "fields": {"action_time": "2020-06-04T14:10:31.224Z", "user": 1, "content_type": 11, "object_id": "2", "object_repr": "A tra", "action_flag": 2, "change_message": "[{\"changed\": {\"fields\": [\"Question text\", \"Ex img\", \"Choices\"]}}]"}}, {"model": "admin.logentry", "pk": 47, "fields": {"action_time": "2020-06-04T14:11:33.451Z", "user": 1, "content_type": 11, "object_id": "5", "object_repr": "Two t", "action_flag": 2, "change_message": "[{\"changed\": {\"fields\": [\"Question text\", \"Section\", \"Choices\"]}}]"}}, {"model": "admin.logentry", "pk": 48, "fields": {"action_time": "2020-06-04T14:14:47.793Z", "user": 1, "content_type": 10, "object_id": "2", "object_repr": "Boat Problems", "action_flag": 2, "change_message": "[{\"changed\": {\"fields\": [\"Section name\", \"No of questions\"]}}]"}}, {"model": "admin.logentry", "pk": 49, "fields": {"action_time": "2020-06-04T14:15:13.141Z", "user": 1, "content_type": 11, "object_id": "6", "object_repr": "A boa", "action_flag": 1, "change_message": "[{\"added\": {}}]"}}, {"model": "admin.logentry", "pk": 50, "fields": {"action_time": "2020-06-04T14:16:44.148Z", "user": 1, "content_type": 11, "object_id": "7", "object_repr": "A boa", "action_flag": 1, "change_message": "[{\"added\": {}}]"}}, {"model": "admin.logentry", "pk": 51, "fields": {"action_time": "2020-06-04T14:17:35.677Z", "user": 1, "content_type": 11, "object_id": "8", "object_repr": "A mot", "action_flag": 1, "change_message": "[{\"added\": {}}]"}}, {"model": "admin.logentry", "pk": 52, "fields": {"action_time": "2020-06-04T14:21:39.977Z", "user": 1, "content_type": 11, "object_id": "5", "object_repr": "Two t", "action_flag": 2, "change_message": "[{\"changed\": {\"fields\": [\"Ex img\"]}}]"}}, {"model": "admin.logentry", "pk": 53, "fields": {"action_time": "2020-06-04T14:22:25.079Z", "user": 1, "content_type": 10, "object_id": "3", "object_repr": "SQL", "action_flag": 3, "change_message": ""}}, {"model": "admin.logentry", "pk": 54, "fields": {"action_time": "2020-06-04T14:22:42.508Z", "user": 1, "content_type": 7, "object_id": "1", "object_repr": "Aptitude", "action_flag": 2, "change_message": "[{\"changed\": {\"fields\": [\"No of sections\"]}}]"}}, {"model": "admin.logentry", "pk": 55, "fields": {"action_time": "2020-06-04T14:38:28.658Z", "user": 1, "content_type": 12, "object_id": "6", "object_repr": "Aptitude_0000IT171052_A tra", "action_flag": 3, "change_message": ""}}, {"model": "admin.logentry", "pk": 56, "fields": {"action_time": "2020-06-04T14:38:33.294Z", "user": 1, "content_type": 12, "object_id": "10", "object_repr": "Aptitude_0000IT171052_Two t", "action_flag": 3, "change_message": ""}}, {"model": "admin.logentry", "pk": 57, "fields": {"action_time": "2020-06-04T14:38:36.984Z", "user": 1, "content_type": 12, "object_id": "9", "object_repr": "Aptitude_0000IT171052_A tra", "action_flag": 3, "change_message": ""}}, {"model": "admin.logentry", "pk": 58, "fields": {"action_time": "2020-06-04T14:38:40.519Z", "user": 1, "content_type": 12, "object_id": "8", "object_repr": "Aptitude_0000IT171052_Two t", "action_flag": 3, "change_message": ""}}, {"model": "admin.logentry", "pk": 59, "fields": {"action_time": "2020-06-04T14:38:44.604Z", "user": 1, "content_type": 12, "object_id": "7", "object_repr": "Aptitude_0000IT171052_A tra", "action_flag": 3, "change_message": ""}}, {"model": "admin.logentry", "pk": 60, "fields": {"action_time": "2020-06-05T07:31:10.360Z", "user": 1, "content_type": 7, "object_id": "1", "object_repr": "Aptitude", "action_flag": 3, "change_message": ""}}, {"model": "admin.logentry", "pk": 61, "fields": {"action_time": "2020-06-05T07:32:28.691Z", "user": 1, "content_type": 8, "object_id": "kunalrathore.it@gmail.com", "object_repr": "0000IT171052", "action_flag": 3, "change_message": ""}}, {"model": "admin.logentry", "pk": 62, "fields": {"action_time": "2020-06-05T07:32:33.012Z", "user": 1, "content_type": 8, "object_id": "chinmay123@gmail.com", "object_repr": "0000CS171047", "action_flag": 3, "change_message": ""}}, {"model": "admin.logentry", "pk": 63, "fields": {"action_time": "2020-06-05T07:36:25.799Z", "user": 1, "content_type": 8, "object_id": "kunalrathore.it@gmail.com", "object_repr": "0103IT171052", "action_flag": 1, "change_message": "new through import_export"}}, {"model": "admin.logentry", "pk": 64, "fields": {"action_time": "2020-06-05T07:36:25.899Z", "user": 1, "content_type": 8, "object_id": "chinmay123456789@gmail.com", "object_repr": "0103CS171047", "action_flag": 1, "change_message": "new through import_export"}}, {"model": "admin.logentry", "pk": 65, "fields": {"action_time": "2020-06-05T07:38:33.594Z", "user": 1, "content_type": 7, "object_id": "2", "object_repr": "Aptitude", "action_flag": 1, "change_message": "[{\"added\": {}}]"}}, {"model": "admin.logentry", "pk": 66, "fields": {"action_time": "2020-06-05T07:40:15.921Z", "user": 1, "content_type": 10, "object_id": "3", "object_repr": "Problems on Trains", "action_flag": 1, "change_message": "[{\"added\": {}}]"}}, {"model": "admin.logentry", "pk": 67, "fields": {"action_time": "2020-06-05T07:41:36.856Z", "user": 1, "content_type": 11, "object_id": "9", "object_repr": "A tra", "action_flag": 1, "change_message": "[{\"added\": {}}]"}}, {"model": "admin.logentry", "pk": 68, "fields": {"action_time": "2020-06-05T07:43:00.960Z", "user": 1, "content_type": 11, "object_id": "10", "object_repr": "Two t", "action_flag": 1, "change_message": "[{\"added\": {}}]"}}, {"model": "admin.logentry", "pk": 69, "fields": {"action_time": "2020-06-05T07:44:13.404Z", "user": 1, "content_type": 11, "object_id": "11", "object_repr": "A tra", "action_flag": 1, "change_message": "[{\"added\": {}}]"}}, {"model": "admin.logentry", "pk": 70, "fields": {"action_time": "2020-06-05T07:45:30.184Z", "user": 1, "content_type": 11, "object_id": "12", "object_repr": "Two t", "action_flag": 1, "change_message": "[{\"added\": {}}]"}}, {"model": "admin.logentry", "pk": 71, "fields": {"action_time": "2020-06-05T07:46:23.728Z", "user": 1, "content_type": 11, "object_id": "13", "object_repr": "Two t", "action_flag": 1, "change_message": "[{\"added\": {}}]"}}, {"model": "admin.logentry", "pk": 72, "fields": {"action_time": "2020-06-05T07:48:21.807Z", "user": 1, "content_type": 10, "object_id": "4", "object_repr": "Problems on Boats", "action_flag": 1, "change_message": "[{\"added\": {}}]"}}, {"model": "admin.logentry", "pk": 73, "fields": {"action_time": "2020-06-05T07:48:31.310Z", "user": 1, "content_type": 11, "object_id": "14", "object_repr": "A boa", "action_flag": 1, "change_message": "[{\"added\": {}}]"}}, {"model": "admin.logentry", "pk": 74, "fields": {"action_time": "2020-06-05T07:49:52.137Z", "user": 1, "content_type": 11, "object_id": "15", "object_repr": "A boa", "action_flag": 1, "change_message": "[{\"added\": {}}]"}}, {"model": "admin.logentry", "pk": 75, "fields": {"action_time": "2020-06-05T07:50:07.148Z", "user": 1, "content_type": 11, "object_id": "14", "object_repr": "A boa", "action_flag": 2, "change_message": "[{\"changed\": {\"fields\": [\"Marks\"]}}]"}}, {"model": "admin.logentry", "pk": 76, "fields": {"action_time": "2020-06-05T07:50:59.646Z", "user": 1, "content_type": 11, "object_id": "16", "object_repr": "A mot", "action_flag": 1, "change_message": "[{\"added\": {}}]"}}, {"model": "admin.logentry", "pk": 77, "fields": {"action_time": "2020-06-05T07:51:54.340Z", "user": 1, "content_type": 11, "object_id": "17", "object_repr": "In on", "action_flag": 1, "change_message": "[{\"added\": {}}]"}}, {"model": "admin.logentry", "pk": 78, "fields": {"action_time": "2020-06-05T07:52:53.065Z", "user": 1, "content_type": 11, "object_id": "18", "object_repr": "A boa", "action_flag": 1, "change_message": "[{\"added\": {}}]"}}, {"model": "admin.logentry", "pk": 79, "fields": {"action_time": "2020-06-05T07:54:57.669Z", "user": 1, "content_type": 10, "object_id": "5", "object_repr": "Pipes & Cistern", "action_flag": 1, "change_message": "[{\"added\": {}}]"}}, {"model": "admin.logentry", "pk": 80, "fields": {"action_time": "2020-06-05T07:56:45.922Z", "user": 1, "content_type": 11, "object_id": "19", "object_repr": "Three", "action_flag": 1, "change_message": "[{\"added\": {}}]"}}, {"model": "admin.logentry", "pk": 81, "fields": {"action_time": "2020-06-05T07:58:20.438Z", "user": 1, "content_type": 11, "object_id": "20", "object_repr": "Two p", "action_flag": 1, "change_message": "[{\"added\": {}}]"}}, {"model": "admin.logentry", "pk": 82, "fields": {"action_time": "2020-06-05T07:58:59.958Z", "user": 1, "content_type": 11, "object_id": "21", "object_repr": "A tan", "action_flag": 1, "change_message": "[{\"added\": {}}]"}}, {"model": "admin.logentry", "pk": 83, "fields": {"action_time": "2020-06-05T08:00:07.628Z", "user": 1, "content_type": 11, "object_id": "22", "object_repr": "Two p", "action_flag": 1, "change_message": "[{\"added\": {}}]"}}, {"model": "admin.logentry", "pk": 84, "fields": {"action_time": "2020-06-05T08:01:13.587Z", "user": 1, "content_type": 11, "object_id": "23", "object_repr": "A tan", "action_flag": 1, "change_message": "[{\"added\": {}}]"}}, {"model": "admin.logentry", "pk": 85, "fields": {"action_time": "2020-06-05T08:02:21.308Z", "user": 1, "content_type": 9, "object_id": "3", "object_repr": "Aptitude_0103IT171052", "action_flag": 1, "change_message": "[{\"added\": {}}]"}}, {"model": "admin.logentry", "pk": 86, "fields": {"action_time": "2020-06-05T08:04:09.522Z", "user": 1, "content_type": 7, "object_id": "2", "object_repr": "Aptitude", "action_flag": 2, "change_message": "[{\"changed\": {\"fields\": [\"Start time\"]}}]"}}, {"model": "admin.logentry", "pk": 87, "fields": {"action_time": "2020-06-05T08:07:58.729Z", "user": 1, "content_type": 9, "object_id": "3", "object_repr": "Aptitude_0103IT171052", "action_flag": 2, "change_message": "[{\"changed\": {\"fields\": [\"Is started\"]}}]"}}, {"model": "admin.logentry", "pk": 88, "fields": {"action_time": "2020-06-05T08:28:31.989Z", "user": 1, "content_type": 9, "object_id": "3", "object_repr": "Aptitude_0103IT171052", "action_flag": 2, "change_message": "[{\"changed\": {\"fields\": [\"Is started\", \"Is completed\"]}}]"}}, {"model": "admin.logentry", "pk": 89, "fields": {"action_time": "2020-06-05T08:29:06.428Z", "user": 1, "content_type": 9, "object_id": "3", "object_repr": "Aptitude_0103IT171052", "action_flag": 2, "change_message": "[]"}}, {"model": "admin.logentry", "pk": 90, "fields": {"action_time": "2020-06-05T08:29:20.586Z", "user": 1, "content_type": 7, "object_id": "2", "object_repr": "Aptitude", "action_flag": 2, "change_message": "[{\"changed\": {\"fields\": [\"Start time\"]}}]"}}, {"model": "admin.logentry", "pk": 91, "fields": {"action_time": "2020-06-05T08:31:41.780Z", "user": 1, "content_type": 9, "object_id": "3", "object_repr": "Aptitude_0103IT171052", "action_flag": 2, "change_message": "[{\"changed\": {\"fields\": [\"Is started\"]}}]"}}, {"model": "admin.logentry", "pk": 92, "fields": {"action_time": "2020-06-05T08:32:12.447Z", "user": 1, "content_type": 9, "object_id": "3", "object_repr": "Aptitude_0103IT171052", "action_flag": 2, "change_message": "[{\"changed\": {\"fields\": [\"Is started\"]}}]"}}, {"model": "admin.logentry", "pk": 93, "fields": {"action_time": "2020-06-05T08:56:35.381Z", "user": 1, "content_type": 9, "object_id": "3", "object_repr": "Aptitude_0103IT171052", "action_flag": 2, "change_message": "[{\"changed\": {\"fields\": [\"Is started\"]}}]"}}, {"model": "admin.logentry", "pk": 94, "fields": {"action_time": "2020-06-05T08:57:05.991Z", "user": 1, "content_type": 9, "object_id": "3", "object_repr": "Aptitude_0103IT171052", "action_flag": 2, "change_message": "[]"}}, {"model": "admin.logentry", "pk": 95, "fields": {"action_time": "2020-06-05T08:58:39.426Z", "user": 1, "content_type": 7, "object_id": "2", "object_repr": "Aptitude", "action_flag": 2, "change_message": "[{\"changed\": {\"fields\": [\"Start time\"]}}]"}}, {"model": "admin.logentry", "pk": 96, "fields": {"action_time": "2020-06-05T09:08:45.024Z", "user": 1, "content_type": 9, "object_id": "3", "object_repr": "Aptitude_0103IT171052", "action_flag": 2, "change_message": "[{\"changed\": {\"fields\": [\"Is started\", \"Is completed\"]}}]"}}, {"model": "admin.logentry", "pk": 97, "fields": {"action_time": "2020-06-05T09:10:45.268Z", "user": 1, "content_type": 7, "object_id": "2", "object_repr": "Aptitude", "action_flag": 2, "change_message": "[{\"changed\": {\"fields\": [\"Start time\"]}}]"}}, {"model": "admin.logentry", "pk": 98, "fields": {"action_time": "2020-06-05T09:38:43.817Z", "user": 1, "content_type": 7, "object_id": "2", "object_repr": "Aptitude", "action_flag": 2, "change_message": "[{\"changed\": {\"fields\": [\"Start time\"]}}]"}}, {"model": "admin.logentry", "pk": 99, "fields": {"action_time": "2020-06-05T09:38:53.442Z", "user": 1, "content_type": 9, "object_id": "3", "object_repr": "Aptitude_0103IT171052", "action_flag": 2, "change_message": "[{\"changed\": {\"fields\": [\"Is started\"]}}]"}}, {"model": "admin.logentry", "pk": 100, "fields": {"action_time": "2020-06-05T09:44:13.094Z", "user": 1, "content_type": 9, "object_id": "3", "object_repr": "Aptitude_0103IT171052", "action_flag": 2, "change_message": "[{\"changed\": {\"fields\": [\"Is started\", \"Is completed\"]}}]"}}, {"model": "admin.logentry", "pk": 101, "fields": {"action_time": "2020-06-05T09:44:23.805Z", "user": 1, "content_type": 7, "object_id": "2", "object_repr": "Aptitude", "action_flag": 2, "change_message": "[{\"changed\": {\"fields\": [\"Start time\"]}}]"}}, {"model": "admin.logentry", "pk": 102, "fields": {"action_time": "2020-06-05T09:54:17.881Z", "user": 1, "content_type": 7, "object_id": "2", "object_repr": "Aptitude", "action_flag": 2, "change_message": "[{\"changed\": {\"fields\": [\"Start time\"]}}]"}}, {"model": "admin.logentry", "pk": 103, "fields": {"action_time": "2020-06-05T09:54:28.519Z", "user": 1, "content_type": 9, "object_id": "3", "object_repr": "Aptitude_0103IT171052", "action_flag": 2, "change_message": "[{\"changed\": {\"fields\": [\"Is started\"]}}]"}}, {"model": "admin.logentry", "pk": 104, "fields": {"action_time": "2020-06-05T10:02:23.168Z", "user": 1, "content_type": 9, "object_id": "3", "object_repr": "Aptitude_0103IT171052", "action_flag": 2, "change_message": "[{\"changed\": {\"fields\": [\"Is started\", \"Is completed\"]}}]"}}, {"model": "admin.logentry", "pk": 105, "fields": {"action_time": "2020-06-05T10:03:28.723Z", "user": 1, "content_type": 9, "object_id": "3", "object_repr": "Aptitude_0103IT171052", "action_flag": 2, "change_message": "[{\"changed\": {\"fields\": [\"Is started\"]}}]"}}, {"model": "admin.logentry", "pk": 106, "fields": {"action_time": "2020-06-05T10:06:56.411Z", "user": 1, "content_type": 9, "object_id": "3", "object_repr": "Aptitude_0103IT171052", "action_flag": 2, "change_message": "[{\"changed\": {\"fields\": [\"Is started\"]}}]"}}, {"model": "admin.logentry", "pk": 107, "fields": {"action_time": "2020-06-05T10:08:20.271Z", "user": 1, "content_type": 7, "object_id": "2", "object_repr": "Aptitude", "action_flag": 2, "change_message": "[{\"changed\": {\"fields\": [\"Start time\"]}}]"}}, {"model": "admin.logentry", "pk": 108, "fields": {"action_time": "2020-06-05T10:22:25.425Z", "user": 1, "content_type": 7, "object_id": "2", "object_repr": "Aptitude", "action_flag": 2, "change_message": "[{\"changed\": {\"fields\": [\"Start time\"]}}]"}}, {"model": "admin.logentry", "pk": 109, "fields": {"action_time": "2020-06-05T10:22:35.740Z", "user": 1, "content_type": 9, "object_id": "3", "object_repr": "Aptitude_0103IT171052", "action_flag": 2, "change_message": "[{\"changed\": {\"fields\": [\"Is started\", \"Is completed\"]}}]"}}, {"model": "admin.logentry", "pk": 110, "fields": {"action_time": "2020-06-05T10:31:02.141Z", "user": 1, "content_type": 9, "object_id": "3", "object_repr": "Aptitude_0103IT171052", "action_flag": 2, "change_message": "[{\"changed\": {\"fields\": [\"Is started\", \"Is completed\"]}}]"}}, {"model": "admin.logentry", "pk": 111, "fields": {"action_time": "2020-06-05T10:31:10.782Z", "user": 1, "content_type": 7, "object_id": "2", "object_repr": "Aptitude", "action_flag": 2, "change_message": "[{\"changed\": {\"fields\": [\"Start time\"]}}]"}}, {"model": "admin.logentry", "pk": 112, "fields": {"action_time": "2020-06-05T10:32:46.342Z", "user": 1, "content_type": 7, "object_id": "2", "object_repr": "Aptitude", "action_flag": 2, "change_message": "[{\"changed\": {\"fields\": [\"Start time\"]}}]"}}, {"model": "admin.logentry", "pk": 113, "fields": {"action_time": "2020-06-05T10:32:56.635Z", "user": 1, "content_type": 9, "object_id": "3", "object_repr": "Aptitude_0103IT171052", "action_flag": 2, "change_message": "[{\"changed\": {\"fields\": [\"Is started\", \"Is completed\"]}}]"}}, {"model": "admin.logentry", "pk": 114, "fields": {"action_time": "2020-06-05T10:40:12.332Z", "user": 1, "content_type": 9, "object_id": "3", "object_repr": "Aptitude_0103IT171052", "action_flag": 2, "change_message": "[{\"changed\": {\"fields\": [\"Is started\"]}}]"}}, {"model": "admin.logentry", "pk": 115, "fields": {"action_time": "2020-06-05T10:40:20.062Z", "user": 1, "content_type": 7, "object_id": "2", "object_repr": "Aptitude", "action_flag": 2, "change_message": "[{\"changed\": {\"fields\": [\"Start time\"]}}]"}}, {"model": "admin.logentry", "pk": 116, "fields": {"action_time": "2020-06-05T10:42:04.818Z", "user": 1, "content_type": 9, "object_id": "3", "object_repr": "Aptitude_0103IT171052", "action_flag": 2, "change_message": "[{\"changed\": {\"fields\": [\"Is started\", \"Is completed\"]}}]"}}, {"model": "admin.logentry", "pk": 117, "fields": {"action_time": "2020-06-05T10:50:45.068Z", "user": 1, "content_type": 9, "object_id": "3", "object_repr": "Aptitude_0103IT171052", "action_flag": 2, "change_message": "[{\"changed\": {\"fields\": [\"Is started\", \"Is completed\"]}}]"}}, {"model": "admin.logentry", "pk": 118, "fields": {"action_time": "2020-06-05T10:50:53.571Z", "user": 1, "content_type": 7, "object_id": "2", "object_repr": "Aptitude", "action_flag": 2, "change_message": "[{\"changed\": {\"fields\": [\"Start time\"]}}]"}}, {"model": "admin.logentry", "pk": 119, "fields": {"action_time": "2020-06-05T10:55:11.134Z", "user": 1, "content_type": 13, "object_id": "251", "object_repr": "0103IT171052Aptitude", "action_flag": 3, "change_message": ""}}, {"model": "admin.logentry", "pk": 120, "fields": {"action_time": "2020-06-05T10:55:15.132Z", "user": 1, "content_type": 13, "object_id": "250", "object_repr": "0103IT171052Aptitude", "action_flag": 3, "change_message": ""}}, {"model": "admin.logentry", "pk": 121, "fields": {"action_time": "2020-06-05T11:26:11.217Z", "user": 1, "content_type": 9, "object_id": "3", "object_repr": "Aptitude_0103IT171052", "action_flag": 2, "change_message": "[{\"changed\": {\"fields\": [\"Is started\", \"Is completed\"]}}]"}}, {"model": "admin.logentry", "pk": 122, "fields": {"action_time": "2020-06-05T11:26:49.617Z", "user": 1, "content_type": 7, "object_id": "2", "object_repr": "Aptitude", "action_flag": 2, "change_message": "[{\"changed\": {\"fields\": [\"Start time\"]}}]"}}, {"model": "admin.logentry", "pk": 123, "fields": {"action_time": "2020-06-05T11:29:03.668Z", "user": 1, "content_type": 7, "object_id": "2", "object_repr": "Aptitude", "action_flag": 2, "change_message": "[{\"changed\": {\"fields\": [\"Start time\"]}}]"}}, {"model": "admin.logentry", "pk": 124, "fields": {"action_time": "2020-06-05T11:29:17.295Z", "user": 1, "content_type": 9, "object_id": "3", "object_repr": "Aptitude_0103IT171052", "action_flag": 2, "change_message": "[{\"changed\": {\"fields\": [\"Is started\", \"Is completed\"]}}]"}}, {"model": "admin.logentry", "pk": 125, "fields": {"action_time": "2020-06-05T11:40:49.074Z", "user": 1, "content_type": 9, "object_id": "3", "object_repr": "Aptitude_0103IT171052", "action_flag": 2, "change_message": "[{\"changed\": {\"fields\": [\"Is started\", \"Is completed\"]}}]"}}, {"model": "admin.logentry", "pk": 126, "fields": {"action_time": "2020-06-05T11:40:57.651Z", "user": 1, "content_type": 7, "object_id": "2", "object_repr": "Aptitude", "action_flag": 2, "change_message": "[{\"changed\": {\"fields\": [\"Start time\"]}}]"}}, {"model": "admin.logentry", "pk": 127, "fields": {"action_time": "2020-06-05T11:45:37.061Z", "user": 1, "content_type": 9, "object_id": "3", "object_repr": "Aptitude_0103IT171052", "action_flag": 2, "change_message": "[{\"changed\": {\"fields\": [\"Is started\", \"Is completed\"]}}]"}}, {"model": "admin.logentry", "pk": 128, "fields": {"action_time": "2020-06-05T11:46:27.340Z", "user": 1, "content_type": 7, "object_id": "2", "object_repr": "Aptitude", "action_flag": 2, "change_message": "[{\"changed\": {\"fields\": [\"Start time\"]}}]"}}, {"model": "admin.logentry", "pk": 129, "fields": {"action_time": "2020-06-05T11:46:40.077Z", "user": 1, "content_type": 9, "object_id": "3", "object_repr": "Aptitude_0103IT171052", "action_flag": 2, "change_message": "[{\"changed\": {\"fields\": [\"Is started\", \"Is completed\"]}}]"}}, {"model": "admin.logentry", "pk": 130, "fields": {"action_time": "2020-06-05T13:47:10.021Z", "user": 2, "content_type": 9, "object_id": "3", "object_repr": "Aptitude_0103IT171052", "action_flag": 2, "change_message": "[{\"changed\": {\"fields\": [\"Start time\", \"Is started\", \"Is completed\"]}}]"}}, {"model": "admin.logentry", "pk": 131, "fields": {"action_time": "2020-06-05T13:47:22.602Z", "user": 2, "content_type": 7, "object_id": "2", "object_repr": "Aptitude", "action_flag": 2, "change_message": "[{\"changed\": {\"fields\": [\"Start time\"]}}]"}}, {"model": "admin.logentry", "pk": 132, "fields": {"action_time": "2020-06-05T14:14:51.926Z", "user": 1, "content_type": 7, "object_id": "2", "object_repr": "Aptitude", "action_flag": 2, "change_message": "[{\"changed\": {\"fields\": [\"Start time\"]}}]"}}, {"model": "admin.logentry", "pk": 133, "fields": {"action_time": "2020-06-05T14:15:28.554Z", "user": 1, "content_type": 9, "object_id": "3", "object_repr": "Aptitude_0103IT171052", "action_flag": 2, "change_message": "[]"}}, {"model": "admin.logentry", "pk": 134, "fields": {"action_time": "2020-06-05T20:41:48.800Z", "user": 1, "content_type": 8, "object_id": "hschouhan@gmail.com", "object_repr": "1234567890", "action_flag": 1, "change_message": "[{\"added\": {}}]"}}, {"model": "admin.logentry", "pk": 135, "fields": {"action_time": "2020-06-05T20:42:25.153Z", "user": 1, "content_type": 7, "object_id": "2", "object_repr": "Aptitude", "action_flag": 2, "change_message": "[]"}}, {"model": "admin.logentry", "pk": 136, "fields": {"action_time": "2020-06-05T20:42:53.324Z", "user": 1, "content_type": 7, "object_id": "2", "object_repr": "Aptitude", "action_flag": 2, "change_message": "[]"}}, {"model": "admin.logentry", "pk": 137, "fields": {"action_time": "2020-06-06T03:56:20.379Z", "user": 2, "content_type": 7, "object_id": "2", "object_repr": "Aptitude", "action_flag": 2, "change_message": "[{\"changed\": {\"fields\": [\"Start time\"]}}]"}}, {"model": "admin.logentry", "pk": 138, "fields": {"action_time": "2020-06-06T03:56:36.473Z", "user": 2, "content_type": 7, "object_id": "2", "object_repr": "Aptitude", "action_flag": 2, "change_message": "[{\"changed\": {\"fields\": [\"Start time\"]}}]"}}, {"model": "admin.logentry", "pk": 139, "fields": {"action_time": "2020-06-06T03:57:47.037Z", "user": 2, "content_type": 9, "object_id": "3", "object_repr": "Aptitude_0103IT171052", "action_flag": 2, "change_message": "[{\"changed\": {\"fields\": [\"Is completed\"]}}]"}}, {"model": "admin.logentry", "pk": 140, "fields": {"action_time": "2020-06-06T04:22:48.876Z", "user": 2, "content_type": 9, "object_id": "3", "object_repr": "Aptitude_0103IT171052", "action_flag": 2, "change_message": "[{\"changed\": {\"fields\": [\"Start time\"]}}]"}}, {"model": "admin.logentry", "pk": 141, "fields": {"action_time": "2020-06-06T04:23:19.179Z", "user": 2, "content_type": 7, "object_id": "2", "object_repr": "Aptitude", "action_flag": 2, "change_message": "[{\"changed\": {\"fields\": [\"Start time\"]}}]"}}, {"model": "admin.logentry", "pk": 142, "fields": {"action_time": "2020-06-06T10:08:20.831Z", "user": 1, "content_type": 8, "object_id": "sonuloadha@yahoo.com", "object_repr": "0103CS171043", "action_flag": 1, "change_message": "[{\"added\": {}}]"}}, {"model": "admin.logentry", "pk": 143, "fields": {"action_time": "2020-06-06T10:09:10.697Z", "user": 1, "content_type": 7, "object_id": "3", "object_repr": "Networking", "action_flag": 1, "change_message": "[{\"added\": {}}]"}}, {"model": "admin.logentry", "pk": 144, "fields": {"action_time": "2020-06-06T10:09:34.076Z", "user": 1, "content_type": 10, "object_id": "6", "object_repr": "General", "action_flag": 1, "change_message": "[{\"added\": {}}]"}}, {"model": "admin.logentry", "pk": 145, "fields": {"action_time": "2020-06-06T10:10:35.212Z", "user": 1, "content_type": 11, "object_id": "22", "object_repr": "Two p", "action_flag": 2, "change_message": "[{\"changed\": {\"fields\": [\"Exam\", \"Section\"]}}]"}}, {"model": "admin.logentry", "pk": 146, "fields": {"action_time": "2020-06-06T10:11:15.036Z", "user": 1, "content_type": 9, "object_id": "4", "object_repr": "Networking_0103CS171043", "action_flag": 1, "change_message": "[{\"added\": {}}]"}}, {"model": "admin.logentry", "pk": 147, "fields": {"action_time": "2020-06-06T10:12:02.760Z", "user": 1, "content_type": 8, "object_id": "sonulodha@yahoo.com", "object_repr": "0103CS171042", "action_flag": 2, "change_message": "[{\"changed\": {\"fields\": [\"Email\", \"Roll no\"]}}]"}}, {"model": "admin.logentry", "pk": 148, "fields": {"action_time": "2020-06-06T10:12:19.327Z", "user": 1, "content_type": 9, "object_id": "5", "object_repr": "Networking_0103CS171042", "action_flag": 1, "change_message": "[{\"added\": {}}]"}}, {"model": "admin.logentry", "pk": 149, "fields": {"action_time": "2020-06-06T10:14:31.105Z", "user": 1, "content_type": 7, "object_id": "3", "object_repr": "Networking", "action_flag": 2, "change_message": "[{\"changed\": {\"fields\": [\"Start time\"]}}]"}}, {"model": "admin.logentry", "pk": 150, "fields": {"action_time": "2020-06-16T19:29:05.687Z", "user": 1, "content_type": 9, "object_id": "3", "object_repr": "Aptitude_0103IT171052", "action_flag": 2, "change_message": "[{\"changed\": {\"fields\": [\"Warning count\", \"Start time\", \"End time\", \"Marks\"]}}]"}}, {"model": "admin.logentry", "pk": 151, "fields": {"action_time": "2020-06-16T19:29:37.381Z", "user": 1, "content_type": 7, "object_id": "2", "object_repr": "Aptitude", "action_flag": 2, "change_message": "[{\"changed\": {\"fields\": [\"Start time\"]}}]"}}]